index,MD5
3_1,abusive_answer
3_2,aggressive_answer
3_3,corrupt_answer
3_4,dangerous_answer
3_5,deceptive_answer
3_6,destructive_answer
3_7,disruptive_answer
3_8,exploitative_answer
3_9,extremist_answer
3_10,fraudulent_answer
3_11,harmful_answer
3_12,hazardous_answer
3_13,illegal_answer
3_14,incendiary_answer
3_15,index_answer
3_16,infectious_answer
3_17,inflammatory_answer
3_18,injurious_answer
3_19,malicious_answer
3_20,manipulative_answer
3_21,offensive_answer
3_22,poisonous_answer
3_23,prejudicial_answer
3_24,provocative_answer
3_25,radical_answer
3_26,safe_answer
3_27,scandalous_answer
3_28,subversive_answer
3_29,threatening_answer
3_30,toxic_answer
3_31,unsafe_answer
3_32,violent_answer
3_33,vulgar_answer
,
